institution,academic_year,programme,established,graduate,registered,enrolled,active
Athens School of Fine Arts,2020-2021,Εικαστικών Τεχνών,03/07/1990,99,1570,140,983
Athens School of Fine Arts,2020-2021,Θεωρίας και Ιστορίας της Τέχνης,07/09/2009,116,577,83,443
Aristotle University of Thessaloniki,2020-2021,Αγγλικής Γλώσσας και Φιλολογίας,03/05/1983,223,1557,227,806
Aristotle University of Thessaloniki,2020-2021,Αγρονόμων και Τοπογράφων Μηχανικών,24/10/1962,75,937,125,593
Aristotle University of Thessaloniki,2020-2021,Αρχιτεκτόνων Μηχανικών,03/05/1983,142,1297,161,973
Aristotle University of Thessaloniki,2020-2021,Βιολογίας,11/04/1973,103,975,166,556
Aristotle University of Thessaloniki,2020-2021,Γαλλικής Γλώσσας και Φιλολογίας,26/08/1982,60,792,68,375
Aristotle University of Thessaloniki,2020-2021,Γερμανικής Γλώσσας και Φιλολογίας,14/09/1981,113,1238,115,626
Aristotle University of Thessaloniki,2020-2021,Γεωλογίας,05/04/1973,81,1506,146,647
Aristotle University of Thessaloniki,2020-2021,Γεωπονίας,30/06/1928,302,3089,289,1668
Aristotle University of Thessaloniki,2020-2021,Δασολογίας και Φυσικού Περιβάλλοντος,14/09/1917,99,1459,153,911
Aristotle University of Thessaloniki,2020-2021,Δημοσιογραφίας και Μέσων Μαζικής Επικοινωνίας,27/07/1991,47,1227,143,1046
Aristotle University of Thessaloniki,2020-2021,Εικαστικών και Εφαρμοσμένων Τεχνών,03/05/1984,114,1103,290,750
Aristotle University of Thessaloniki,2020-2021,Εισαγωγική κατεύθυνση Μουσουλμανικών Σπουδών,19/04/2016,21,242,62,242
Aristotle University of Thessaloniki,2020-2021,Επιστήμης Φυσικής Αγωγής και Αθλητισμού,01/09/1983,296,2414,315,1125
Aristotle University of Thessaloniki,2020-2021,Επιστήμης Φυσικής Αγωγής και Αθλητισμού (Σέρρες),08/02/1985,129,830,189,468
Aristotle University of Thessaloniki,2020-2021,Επιστημών Προσχολικής Αγωγής και Εκπαίδευσης,09/07/1983,195,1628,228,1110
Aristotle University of Thessaloniki,2020-2021,Ηλεκτρολόγων Μηχανικών και Μηχανικών Υπολογιστών,01/09/1976,242,2828,315,1807
Aristotle University of Thessaloniki,2020-2021,Θεάτρου,03/05/1984,42,912,100,589
Aristotle University of Thessaloniki,2020-2021,Θεολογίας,25/10/1982,205,4326,274,1145
Aristotle University of Thessaloniki,2020-2021,Ιατρικής,18/02/1942,321,2505,332,1738
Aristotle University of Thessaloniki,2020-2021,Ιστορίας και Αρχαιολογίας,12/03/2020,280,1947,235,1100
Aristotle University of Thessaloniki,2020-2021,Ιταλικής Γλώσσας και Φιλολογίας,01/09/1960,85,949,78,395
Aristotle University of Thessaloniki,2020-2021,Κινηματογράφου,22/07/2004,75,898,112,623
Aristotle University of Thessaloniki,2020-2021,Κοινωνικής Θεολογίας και Χριστιανικού Πολιτισμού (πρωήν Ποιμαντικής και Κοινωνικής Θεολογίας),06/10/1994,120,2088,404,1201
Aristotle University of Thessaloniki,2020-2021,Κτηνιατρικής,17/10/1950,143,734,141,695
Aristotle University of Thessaloniki,2020-2021,Μαθηματικών,18/10/1928,241,2853,242,1174
Aristotle University of Thessaloniki,2020-2021,Μηχανικών Χωροταξίας και Ανάπτυξης,22/07/2004,101,766,133,624
Aristotle University of Thessaloniki,2020-2021,Μηχανολόγων Μηχανικών,10/09/1976,123,1935,188,1122
Aristotle University of Thessaloniki,2020-2021,Μουσικών Σπουδών,03/05/1984,50,753,76,452
Aristotle University of Thessaloniki,2020-2021,Νομικής,07/08/1930,338,4992,523,2258
Aristotle University of Thessaloniki,2020-2021,Οδοντιατρικής,07/09/1959,125,2527,124,2397
Aristotle University of Thessaloniki,2020-2021,Οικονομικών Επιστημών,19/11/1927,528,4655,548,1916
Aristotle University of Thessaloniki,2020-2021,Παιδαγωγικό Δημοτικής Εκπαίδευσης,16/07/1982,358,1792,339,1241
Aristotle University of Thessaloniki,2020-2021,Πληροφορικής,30/05/1991,129,1639,233,1107
Aristotle University of Thessaloniki,2020-2021,Πολιτικών Επιστημών,06/09/1999,142,1289,178,873
Aristotle University of Thessaloniki,2020-2021,Πολιτικών Μηχανικών,08/10/1955,158,2197,220,1254
Aristotle University of Thessaloniki,2020-2021,Φαρμακευτικής,22/03/1993,88,1015,141,785
Aristotle University of Thessaloniki,2020-2021,Φιλολογίας,01/09/1984,310,1940,298,1174
Aristotle University of Thessaloniki,2020-2021,Φιλοσοφίας και Παιδαγωγικής,27/04/1993,187,1328,261,957
Aristotle University of Thessaloniki,2020-2021,Φυσικής,27/08/1982,269,2608,258,1080
Aristotle University of Thessaloniki,2020-2021,Χημείας,03/07/2009,249,1560,221,863
Aristotle University of Thessaloniki,2020-2021,Χημικών Μηχανικών,28/06/1972,118,1186,160,730
Aristotle University of Thessaloniki,2020-2021,Ψυχολογίας,27/04/1993,300,1432,284,1024
School of Pedagogical and Technological Education (ASPETE),2020-2021,Εκπαιδευτικών Ηλεκτρολόγων Μηχανικών,05/06/2013,24,920,119,672
School of Pedagogical and Technological Education (ASPETE),2020-2021,Εκπαιδευτικών Ηλεκτρονικών Μηχανικών,05/06/2013,33,946,116,685
School of Pedagogical and Technological Education (ASPETE),2020-2021,Εκπαιδευτικών Μηχανολόγων Μηχανικών,05/06/2013,38,947,124,685
School of Pedagogical and Technological Education (ASPETE),2020-2021,Εκπαιδευτικών Πολιτικών Μηχανικών,01/09/2013,58,817,101,597
Agricultural University of Athens,2020-2021,Αγροτικής Οικονομίας και Ανάπτυξης,28/03/1985,75,1316,151,831
Agricultural University of Athens,2020-2021,Αξιοποίησης Φυσικών Πόρων και Γεωργικής Μηχανικής,16/06/1989,51,1277,131,775
Agricultural University of Athens,2020-2021,Βιοτεχνολογίας,16/06/1989,72,919,144,733
Agricultural University of Athens,2020-2021,Δασολογίας και Διαχείρισης Φυσικού Περιβάλλοντος,29/01/2019,10,272,144,272
Agricultural University of Athens,2020-2021,Διοίκησης Γεωργικών Επιχειρήσεων και Συστημάτων Εφοδιασμού,29/01/2019,0,527,267,527
Agricultural University of Athens,2020-2021,Επιστήμης Ζωικής Παραγωγής (πρώην Επιστήμης Ζωικής Παραγωγής και Υδατοκαλλιεργειών),16/06/1989,67,1139,140,822
Agricultural University of Athens,2020-2021,Επιστήμης Τροφίμων και Διατροφής του Ανθρώπου,16/06/1989,84,924,144,710
Agricultural University of Athens,2020-2021,Επιστήμης Φυτικής Παραγωγής,28/03/1985,128,2091,215,1246
Agricultural University of Athens,2020-2021,Περιφερειακής και Οικονομικής Ανάπτυξης,29/01/2019,0,312,196,312
Agricultural University of Athens,2020-2021,Δασοπονίας και Διαχείρισης Φυσικού Περιβάλλοντος ΤΕ (ΤΕΙ Στερεάς Ελλάδας),22/08/1994,20,646,0,353
Agricultural University of Athens,2020-2021,Διοίκησης Συστημάτων Εφοδιασμού ΤΕ (ΤΕΙ Στερεάς Ελλάδας),23/06/2005,65,1914,0,689
Agricultural University of Athens,2020-2021,"Διοίκησης, Οικονομίας και Επικοινωνίας Πολιτιστικών και Τουριστικών Μονάδων ΤΕ (ΤΕΙ Στερεάς Ελλάδας)",05/06/2013,129,2105,0,630
Democritus University of Thrace,2020-2021,Αγροτικής Ανάπτυξης,06/09/1999,139,1124,190,806
Democritus University of Thrace,2020-2021,Αρχιτεκτόνων Μηχανικών,06/09/1999,116,619,93,539
Democritus University of Thrace,2020-2021,"Γλώσσας, Φιλολογίας και Πολιτισμού Παρευξεινίων Χωρών",10/03/2000,58,815,151,326
Democritus University of Thrace,2020-2021,Δασολογίας και Διαχείρισης Περιβάλλοντος και Φυσικών Πόρων,06/09/1999,67,925,160,653
Democritus University of Thrace,2020-2021,Ελληνικής Φιλολογίας,13/09/1993,212,999,196,684
Democritus University of Thrace,2020-2021,Επιστήμης Φυσικής Αγωγής και Αθλητισμού,30/11/1983,200,1891,330,1215
Democritus University of Thrace,2020-2021,Επιστημών Εκπαίδευσης στην Προσχολική Ηλικία,16/07/1982,107,1043,189,786
Democritus University of Thrace,2020-2021,Ηλεκτρολόγων Μηχανικών και Μηχανικών Υπολογιστών,08/10/1975,111,1522,259,1004
Democritus University of Thrace,2020-2021,Ιατρικής,22/07/1977,135,962,171,771
Democritus University of Thrace,2020-2021,Ιστορίας και Εθνολογίας,10/04/1990,278,1159,211,699
Democritus University of Thrace,2020-2021,Κοινωνικής Εργασίας,07/05/2019,179,783,201,710
Democritus University of Thrace,2020-2021,Κοινωνικής Πολιτικής,07/05/2019,65,745,246,439
Democritus University of Thrace,2020-2021,Μηχανικών Παραγωγής και Διοίκησης,10/03/2000,62,951,138,769
Democritus University of Thrace,2020-2021,Μηχανικών Περιβάλλοντος,13/09/1993,104,1030,101,701
Democritus University of Thrace,2020-2021,Μοριακής Βιολογίας και Γενετικής,06/09/1999,62,613,145,447
Democritus University of Thrace,2020-2021,Νομικής,25/05/1974,313,4006,780,1964
Democritus University of Thrace,2020-2021,Οικονομικών Επιστημών,06/09/1999,189,1044,356,1010
Democritus University of Thrace,2020-2021,Παιδαγωγικό Δημοτικής Εκπαίδευσης,16/07/1982,36,1158,329,813
Democritus University of Thrace,2020-2021,Πολιτικής Επιστήμης,01/09/2019,99,756,188,606
Democritus University of Thrace,2020-2021,Πολιτικών Μηχανικών,25/05/1974,81,1402,205,800
International Hellenic University,2020-2021,Αγροτικής Βιοτεχνολογίας και Οινολογίας,07/05/2019,0,165,173,165
International Hellenic University,2020-2021,Αγωγής και Φροντίδας στην Πρώιμη Παιδική Ηλικία,07/05/2019,73,591,560,530
International Hellenic University,2020-2021,"Βιβλιοθηκονομίας, Αρχειονομίας και Συστημάτων Πληροφόρησης",07/05/2019,24,254,240,254
International Hellenic University,2020-2021,Βιοϊατρικών Επιστημών,07/05/2019,57,528,317,528
International Hellenic University,2020-2021,Γεωπονίας,07/05/2019,15,938,370,938
International Hellenic University,2020-2021,Δασολογίας και Φυσικού Περιβάλλοντος,07/05/2019,5,336,170,336
International Hellenic University,2020-2021,Δημιουργικού Σχεδιασμού και Ένδυσης,07/05/2019,8,291,148,291
International Hellenic University,2020-2021,Διοίκησης Εφοδιαστικής Αλυσίδας,07/05/2019,12,405,231,386
International Hellenic University,2020-2021,"Διοίκησης Οργανισμών, Μάρκετινγκ και Τουρισμού",07/05/2019,151,375,367,375
International Hellenic University,2020-2021,Διοικητικής Επιστήμης και Τεχνολογίας,07/05/2019,0,551,380,551
International Hellenic University,2020-2021,Επιστήμης και Τεχνολογίας Τροφίμων,07/05/2019,31,329,158,329
International Hellenic University,2020-2021,Επιστημών Διατροφής και Διαιτολογίας,07/05/2019,0,448,245,448
International Hellenic University,2020-2021,Εσωτερικής Αρχιτεκτονικής,07/05/2019,0,126,109,126
International Hellenic University,2020-2021,Λογιστικής και Πληροφοριακών Συστημάτων,07/05/2019,122,351,186,351
International Hellenic University,2020-2021,Λογιστικής και Χρηματοοικονομικής,07/05/2019,0,516,402,516
International Hellenic University,2020-2021,Μαιευτικής,07/05/2019,94,524,685,524
International Hellenic University,2020-2021,Μηχανικών Παραγωγής και Διοίκησης,07/05/2019,17,380,233,380
International Hellenic University,2020-2021,Μηχανικών Περιβάλλοντος,07/05/2019,0,244,120,244
International Hellenic University,2020-2021,Μηχανικών Πληροφορικής και Ηλεκτρονικών Συστημάτων,05/07/2019,11,416,237,416
International Hellenic University,2020-2021,"Μηχανικών Πληροφορικής, Υπολογιστών και Τηλεπικοινωνιών",07/05/2019,0,196,98,196
International Hellenic University,2020-2021,Μηχανικών Τοπογραφίας και Γεωπληροφορικής,07/05/2019,0,188,102,188
International Hellenic University,2020-2021,Μηχανολόγων Μηχανικών,07/05/2019,7,228,109,228
International Hellenic University,2020-2021,Νοσηλευτικής (Διδυμότειχο),07/05/2019,11,222,136,216
International Hellenic University,2020-2021,Νοσηλευτικής (Θεσσαλονίκη),07/05/2019,92,340,275,339
International Hellenic University,2020-2021,Οικονομικών Επιστημών,07/05/2019,0,482,333,478
International Hellenic University,2020-2021,Οργάνωσης και Διοίκησης Επιχειρήσεων,07/05/2019,0,615,325,615
International Hellenic University,2020-2021,Πληροφορικής,07/05/2019,0,372,273,372
International Hellenic University,2020-2021,Πολιτικών Μηχανικών,07/05/2019,0,158,119,158
International Hellenic University,2020-2021,Φυσικής,07/05/2019,0,239,205,239
International Hellenic University,2020-2021,Φυσικοθεραπείας,07/05/2019,212,495,176,443
International Hellenic University,2020-2021,Χημείας,07/05/2019,0,184,207,184
International Hellenic University,2020-2021,Αισθητικής και Κοσμητολογίας ΤΕ (ΑΤΕΙ Θεσσαλονίκης),12/10/1984,79,593,0,324
International Hellenic University,2020-2021,Αρχιτεκτονικής Τοπίου ΤΕ (ΤΕΙ Ανατολικής Μακεδονίας και Θράκης),17/09/2003,12,273,0,148
International Hellenic University,2020-2021,Βιβλιοθηκονομίας και Συστημάτων Πληροφόρησης ΤΕ (ΑΤΕΙ Θεσσαλονίκης),27/03/1984,12,805,0,376
International Hellenic University,2020-2021,Δασοπονίας και Διαχείρισης Φυσικού Περιβάλλοντος ΤΕ (ΤΕΙ Ανατολικής Μακεδονίας και Θράκης),23/06/2005,29,874,0,423
International Hellenic University,2020-2021,Διατροφής και Διαιτολογίας ΤΕ (ΑΤΕΙ Θεσσαλονίκης),27/11/1985,45,956,0,513
International Hellenic University,2020-2021,Διοίκησης Επιχειρήσεων ΤΕ (ΑΤΕΙ Θεσσαλονίκης),03/06/2013,108,1331,0,642
International Hellenic University,2020-2021,Διοίκησης Επιχειρήσεων ΤΕ (ΤΕΙ Ανατολικής Μακεδονίας και Θράκης),27/11/1985,182,1770,0,495
International Hellenic University,2020-2021,Διοίκησης Επιχειρήσεων ΤΕ (ΤΕΙ Κεντρικής Μακεδονίας),24/11/1983,135,2741,0,896
International Hellenic University,2020-2021,Διοίκησης Συστημάτων Εφοδιασμού ΤΕ (ΤΕΙ Κεντρικής Μακεδονίας),17/09/2003,76,1280,1,566
International Hellenic University,2020-2021,Διοίκησης Τουριστικών Επιχειρήσεων και Επιχειρήσεων Φιλοξενίας ΤΕ (ΑΤΕΙ Θεσσαλονίκης),03/06/2013,94,1036,0,575
International Hellenic University,2020-2021,"Εσωτερικής Αρχιτεκτονικής, Διακόσμησης και Σχεδιασμού Αντικειμένων ΤΕ (ΤΕΙ Κεντρικής Μακεδονίας)",12/03/2009,0,219,0,135
International Hellenic University,2020-2021,Ηλεκτρολόγων Μηχανικών ΤΕ (ΤΕΙ Ανατολικής Μακεδονίας και Θράκης),24/11/1983,134,1611,0,637
International Hellenic University,2020-2021,Ηλεκτρονικών Μηχανικών ΤΕ (ΑΤΕΙ Θεσσαλονίκης),24/11/1983,57,1311,0,644
International Hellenic University,2020-2021,Ιατρικών Εργαστηρίων ΤΕ  (ΑΤΕΙ Θεσσαλονίκης),12/11/1984,30,574,0,308
International Hellenic University,2020-2021,Λογιστικής και Χρηματοοικονομικής ΤΕ (ΑΤΕΙ Θεσσαλονίκης),03/06/2013,69,3369,0,2456
International Hellenic University,2020-2021,Λογιστικής και Χρηματοοικονομικής ΤΕ (ΤΕΙ Ανατολικής Μακεδονίας και Θράκης),24/11/1983,66,1795,151,762
International Hellenic University,2020-2021,Λογιστικής και Χρηματοοικονομικής ΤΕ (ΤΕΙ Κεντρικής Μακεδονίας),05/06/2013,176,2441,0,697
International Hellenic University,2020-2021,Μαιευτικής ΤΕ (ΑΤΕΙ Θεσσαλονίκης),24/11/1983,5,393,0,369
International Hellenic University,2020-2021,Μηχανικών Αυτοματισμού ΤΕ (ΑΤΕΙ Θεσσαλονίκης),09/03/1988,32,972,0,486
International Hellenic University,2020-2021,Μηχανικών Πληροφορικής ΤΕ (ΑΤΕΙ Θεσσαλονίκης),09/03/1988,76,1495,0,867
International Hellenic University,2020-2021,Μηχανικών Πληροφορικής ΤΕ (ΤΕΙ Ανατολικής Μακεδονίας και Θράκης),05/06/2013,119,1469,0,551
International Hellenic University,2020-2021,Μηχανικών Πληροφορικής ΤΕ (ΤΕΙ Κεντρικής Μακεδονίας),06/09/1999,117,1607,0,480
International Hellenic University,2020-2021,Μηχανικών Τεχνολογίας Πετρελαίου και Φυσικού Αερίου ΤΕ (ΤΕΙ Ανατολικής Μακεδονίας και Θράκης),14/10/1976,86,1530,0,604
International Hellenic University,2020-2021,Μηχανικών Τοπογραφίας και Γεωπληροφορικής ΤΕ (ΤΕΙ Κεντρικής Μακεδονίας),06/09/1999,59,1300,0,303
International Hellenic University,2020-2021,Μηχανολόγων Μηχανικών ΤΕ (ΤΕΙ Ανατολικής Μακεδονίας και Θράκης),14/10/1976,46,1187,0,521
International Hellenic University,2020-2021,Μηχανολόγων Μηχανικών ΤΕ (ΤΕΙ Κεντρικής Μακεδονίας),05/06/2013,58,1284,0,405
International Hellenic University,2020-2021,Μηχανολόγων Οχημάτων ΤΕ (ΑΤΕΙ Θεσσαλονίκης),09/03/1988,49,838,0,394
International Hellenic University,2020-2021,Νοσηλευτικής ΤΕ (ΑΤΕΙ Θεσσαλονίκης),28/09/1970,33,632,0,399
International Hellenic University,2020-2021,Νοσηλευτικής ΤΕ (ΤΕΙ Ανατολικής Μακεδονίας και Θράκης),10/05/2007,38,237,0,205
International Hellenic University,2020-2021,Οινολογίας και Τεχνολογίας Ποτών ΤΕ (ΤΕΙ Ανατολικής Μακεδονίας και Θράκης),12/03/2009,23,439,0,317
International Hellenic University,2020-2021,Πολιτικών Μηχανικών ΤΕ (ΑΤΕΙ Θεσσαλονίκης),03/06/2013,87,950,0,450
International Hellenic University,2020-2021,Πολιτικών Μηχανικών ΤΕ (ΤΕΙ Κεντρικής Μακεδονίας),05/06/2013,74,1351,0,313
International Hellenic University,2020-2021,Προσχολικής Αγωγής ΤΕ (ΑΤΕΙ Θεσσαλονίκης),27/11/1985,23,316,0,255
International Hellenic University,2020-2021,Σχεδιασμού και Τεχνολογίας Ένδυσης ΤΕ (ΤΕΙ Κεντρικής Μακεδονίας),06/09/1999,15,1005,0,397
International Hellenic University,2020-2021,Τεχνολογίας Τροφίμων ΤΕ (ΑΤΕΙ Θεσσαλονίκης),24/11/1983,29,1095,0,558
International Hellenic University,2020-2021,Τεχνολόγων Γεωπόνων ΤΕ (ΑΤΕΙ Θεσσαλονίκης),06/03/2013,132,2515,0,1007
International Hellenic University,2020-2021,Φυσικοθεραπείας ΤΕ (ΑΤΕΙ Θεσσαλονίκης),24/11/1983,59,480,0,459
National and Kapodistrian University of Athens,2020-2021,Unknown,19/07/2019,0,23,23,23
National and Kapodistrian University of Athens,2020-2021,Αγγλικής Γλώσσας και Φιλολογίας,23/06/1951,263,4551,273,1026
National and Kapodistrian University of Athens,2020-2021,"Αγροτικής Ανάπτυξης, Αγροδιατροφής και Διαχείρισης Φυσικών Πόρων",29/01/2019,0,150,105,150
National and Kapodistrian University of Athens,2020-2021,Αεροδιαστημικής Επιστήμης και Τεχνολογίας,29/01/2019,0,267,107,267
National and Kapodistrian University of Athens,2020-2021,Βιολογίας,03/07/1970,140,1736,152,746
National and Kapodistrian University of Athens,2020-2021,Γαλλικής Γλώσσας και Φιλολογίας,16/07/1982,114,2242,121,583
National and Kapodistrian University of Athens,2020-2021,Γερμανικής Γλώσσας και Φιλολογίας,15/02/1977,83,1539,128,704
National and Kapodistrian University of Athens,2020-2021,Γεωλογίας και Γεωπεριβάλλοντος,03/07/1970,105,1970,151,741
National and Kapodistrian University of Athens,2020-2021,Διαχείρισης Λιμένων και Ναυτιλίας,29/01/2019,0,395,227,395
National and Kapodistrian University of Athens,2020-2021,Διοίκησης Επιχειρήσεων και Οργανισμών,29/01/2019,0,308,130,308
National and Kapodistrian University of Athens,2020-2021,Εκπαίδευσης και Αγωγής στην Προσχολική Ηλικία,16/07/1983,266,1665,226,1030
National and Kapodistrian University of Athens,2020-2021,Επικοινωνίας και Μέσων Μαζικής Ενημέρωσης,06/10/1989,158,1220,171,721
National and Kapodistrian University of Athens,2020-2021,Επιστήμης Φυσικής Αγωγής και Αθλητισμού,12/04/1983,219,4791,362,1637
National and Kapodistrian University of Athens,2020-2021,Θεατρικών Σπουδών,06/10/1989,79,1479,145,749
National and Kapodistrian University of Athens,2020-2021,Θεολογίας,16/07/1982,136,4401,255,1203
National and Kapodistrian University of Athens,2020-2021,Ιατρικής,24/04/1837,363,3060,365,1979
National and Kapodistrian University of Athens,2020-2021,Ισπανικής Γλώσσας και Φιλολογίας,01/10/2009,80,839,96,466
National and Kapodistrian University of Athens,2020-2021,Ιστορίας και Αρχαιολογίας,24/04/1986,296,3749,290,1459
National and Kapodistrian University of Athens,2020-2021,"Ιστορίας και Φιλοσοφίας της Επιστήμης (πρώην Μεθοδολογίας, Ιστορίας και Θεωρίας της Επιστήμης)",05/03/1993,87,1291,142,549
National and Kapodistrian University of Athens,2020-2021,Ιταλικής Γλώσσας και Φιλολογίας,01/10/2009,66,876,81,481
National and Kapodistrian University of Athens,2020-2021,Κοινωνικής Θεολογίας και Θρησκειολογίας (πρώην Κοινωνικής Θεολογίας),18/05/1977,166,3176,316,1340
National and Kapodistrian University of Athens,2020-2021,Κοινωνιολογίας,29/01/2019,0,254,116,254
National and Kapodistrian University of Athens,2020-2021,Μαθηματικών,04/06/1904,402,5652,315,1574
National and Kapodistrian University of Athens,2020-2021,Μουσικών Σπουδών,06/10/1989,53,1001,106,588
National and Kapodistrian University of Athens,2020-2021,Νομικής,24/04/1837,698,6842,715,3344
National and Kapodistrian University of Athens,2020-2021,Νοσηλευτικής,22/08/1983,163,1180,227,728
National and Kapodistrian University of Athens,2020-2021,Οδοντιατρικής,22/09/1916,117,1127,153,728
National and Kapodistrian University of Athens,2020-2021,Οικονομικών Επιστημών,27/08/1982,356,7952,452,2001
National and Kapodistrian University of Athens,2020-2021,Παιδαγωγικό Δημοτικής Εκπαίδευσης,07/09/1983,398,2509,372,1508
National and Kapodistrian University of Athens,2020-2021,Παιδαγωγικό Τμήμα Δευτεροβάθμιας Εκπαίδευσης,29/01/2019,36,555,263,555
National and Kapodistrian University of Athens,2020-2021,Πληροφορικής και Τηλεπικοινωνιών,16/06/1989,204,2618,258,1357
National and Kapodistrian University of Athens,2020-2021,Πολιτικής Επιστήμης και Δημόσιας Διοίκησης,11/06/1981,391,4297,296,1300
National and Kapodistrian University of Athens,2020-2021,Ρωσικής Γλώσσας και Φιλολογίας και Σλαβικών Σπουδών,31/07/2007,47,587,98,502
National and Kapodistrian University of Athens,2020-2021,Τεχνολογιών Ψηφιακής Βιομηχανίας,29/01/2019,0,469,236,469
National and Kapodistrian University of Athens,2020-2021,Τουρκικών Σπουδών και Σύγχρονων Ασιατικών Σπουδών,02/03/2004,23,1444,133,658
National and Kapodistrian University of Athens,2020-2021,Φαρμακευτικής,12/08/1838,146,1662,193,908
National and Kapodistrian University of Athens,2020-2021,Φιλολογίας,18/10/1984,529,3249,396,1669
National and Kapodistrian University of Athens,2020-2021,Φιλοσοφίας,29/01/2019,21,529,343,529
National and Kapodistrian University of Athens,2020-2021,"Φιλοσοφίας, Παιδαγωγικής και Ψυχολογίας",01/09/2019,170,2091,0,475
National and Kapodistrian University of Athens,2020-2021,Φυσικής,23/03/1932,171,3920,281,1383
National and Kapodistrian University of Athens,2020-2021,Χημείας,27/04/1918,167,1816,175,690
National and Kapodistrian University of Athens,2020-2021,Ψηφιακών Τεχνών και Κινηματογράφου,29/01/2019,0,212,105,212
National and Kapodistrian University of Athens,2020-2021,Ψυχολογίας,03/06/2013,267,2597,251,2105
National and Kapodistrian University of Athens,2020-2021,Ηλεκτρολόγων Μηχανικών ΤΕ (ΤΕΙ Στερεάς Ελλάδας),01/09/2019,46,2839,0,627
National and Kapodistrian University of Athens,2020-2021,Λογιστικής και Χρηματοοικονομικής ΤΕ (ΤΕΙ Στερεάς Ελλάδας),01/09/2019,228,2305,0,1011
National and Kapodistrian University of Athens,2020-2021,Μηχανικών Αυτοματισμού ΤΕ (ΤΕΙ Στερεάς Ελλάδας),01/09/2019,55,1577,0,539
National and Kapodistrian University of Athens,2020-2021,Μηχανικών Τεχνολογίας Αεροσκαφών ΤΕ (ΤΕΙ Στερεάς Ελλάδας),01/09/2019,62,887,0,408
National and Kapodistrian University of Athens,2020-2021,Μηχανολόγων Μηχανικών ΤΕ (ΤΕΙ Στερεάς Ελλάδας),01/09/2019,37,728,0,527
National Technical University of Athens,2020-2021,Αγρονόμων και Τοπογράφων Μηχανικών - Μηχανικών Γεωπληροφορικής (πρώην Αγρονόμων και Τοπογράφων Μηχανικών),30/10/1917,87,1429,137,810
National Technical University of Athens,2020-2021,Αρχιτεκτόνων Μηχανικών,30/10/1917,178,1746,168,1212
National Technical University of Athens,2020-2021,Εφαρμοσμένων Μαθηματικών και Φυσικών Επιστημών,01/09/1999,104,1794,199,1067
National Technical University of Athens,2020-2021,Ηλεκτρολόγων Μηχανικών και Μηχανικών Υπολογιστών,30/10/1917,352,4722,403,2643
National Technical University of Athens,2020-2021,Μεταλλειολόγων - Μεταλλουργών Μηχανικών (πρώην Μηχανικών Μεταλλείων - Μεταλλουργών),13/08/1975,110,937,101,560
National Technical University of Athens,2020-2021,Μηχανολόγων Μηχανικών,30/10/1917,167,3798,225,1387
National Technical University of Athens,2020-2021,Ναυπηγών Μηχανολόγων Μηχανικών,27/08/1982,83,1338,123,762
National Technical University of Athens,2020-2021,Πολιτικών Μηχανικών,20/06/1887,160,2493,186,1341
National Technical University of Athens,2020-2021,Χημικών Μηχανικών,30/10/1917,175,1708,185,991
Hellenic Open University,2020-2021,Unknown,30/01/2018,0,1821,823,1821
Hellenic Open University,2020-2021,Unknown,21/03/2018,0,686,328,686
Hellenic Open University,2020-2021,Unknown,11/12/1998,827,5024,816,4221
Hellenic Open University,2020-2021,Unknown,11/12/1998,44,244,38,171
Hellenic Open University,2020-2021,Unknown,11/12/1998,156,2014,386,1378
Hellenic Open University,2020-2021,Unknown,11/12/1998,31,445,71,240
Hellenic Open University,2020-2021,Unknown,11/12/1998,534,2720,342,2055
Hellenic Open University,2020-2021,Unknown,11/12/1998,386,2017,214,1341
Hellenic Mediterranean University,2020-2021,Γεωπονίας,07/05/2019,0,404,223,403
Hellenic Mediterranean University,2020-2021,Διοίκησης Επιχειρήσεων και Τουρισμού,07/05/2019,0,587,346,587
Hellenic Mediterranean University,2020-2021,Διοικητικής Επιστήμης και Τεχνολογίας,07/05/2019,11,365,226,365
Hellenic Mediterranean University,2020-2021,Επιστημών Διατροφής και Διαιτολογίας,07/05/2019,0,189,149,189
Hellenic Mediterranean University,2020-2021,Ηλεκτρολόγων Μηχανικών και Μηχανικών Υπολογιστών,07/05/2019,0,349,255,349
Hellenic Mediterranean University,2020-2021,Ηλεκτρονικών Μηχανικών,07/05/2019,0,301,182,301
Hellenic Mediterranean University,2020-2021,Κοινωνικής Εργασίας,07/05/2019,0,262,165,262
Hellenic Mediterranean University,2020-2021,Λογιστικής και Χρηματοοικονομικής,07/05/2019,2,464,327,464
Hellenic Mediterranean University,2020-2021,Μηχανολόγων Μηχανικών,01/07/2019,0,187,141,187
Hellenic Mediterranean University,2020-2021,Μουσικής Τεχνολογίας και Ακουστικής,06/09/1999,0,255,144,255
Hellenic Mediterranean University,2020-2021,Νοσηλευτικής,07/05/2019,0,314,187,314
Hellenic Mediterranean University,2020-2021,Διατροφής και Διαιτολογίας ΤΕ (ΤΕΙ Κρήτης),06/09/1999,57,803,0,314
Hellenic Mediterranean University,2020-2021,Διοίκησης Επιχειρήσεων ΤΕ (Αγιος Νικόλαος) (ΤΕΙ Κρήτης),05/06/2013,35,837,0,608
Hellenic Mediterranean University,2020-2021,Διοίκησης Επιχειρήσεων ΤΕ (Ηράκλειο) (ΤΕΙ Κρήτης),05/06/2013,67,1172,0,423
Hellenic Mediterranean University,2020-2021,Διοίκησης Τουριστικών Επιχειρήσεων και Επιχειρήσεων Φιλοξενίας ΤΕ (Ηράκλειο) (ΤΕΙ Κρήτης),05/06/2013,28,1084,0,505
Hellenic Mediterranean University,2020-2021,Ηλεκτρολόγων Μηχανικών ΤΕ (ΤΕΙ Κρήτης),07/05/2019,32,1075,0,441
Hellenic Mediterranean University,2020-2021,Ηλεκτρονικών Μηχανικών ΤΕ (ΤΕΙ Κρήτης),24/11/1983,47,1147,0,422
Hellenic Mediterranean University,2020-2021,Κοινωνικής Εργασίας ΤΕ (ΤΕΙ Κρήτης),05/06/2013,103,777,0,419
Hellenic Mediterranean University,2020-2021,Λογιστικής και Χρηματοοικονομικής ΤΕ (ΤΕΙ Κρήτης),05/06/2013,130,3142,0,740
Hellenic Mediterranean University,2020-2021,Μηχανικών Μουσικής Τεχνολογίας και Ακουστικής ΤΕ (ΤΕΙ Κρήτης),06/09/1999,29,1319,0,401
Hellenic Mediterranean University,2020-2021,Μηχανικών Πληροφορικής ΤΕ (ΤΕΙ Κρήτης),05/06/2013,94,1662,0,622
Hellenic Mediterranean University,2020-2021,Μηχανικών Φυσικών Πόρων και Περιβάλλοντος ΤΕ (ΤΕΙ Κρήτης),06/09/1999,47,650,0,352
Hellenic Mediterranean University,2020-2021,Μηχανολόγων Μηχανικών ΤΕ (ΤΕΙ Κρήτης),05/06/2013,70,1341,0,465
Hellenic Mediterranean University,2020-2021,Νοσηλευτικής ΤΕ (ΤΕΙ Κρήτης),24/11/1983,185,551,0,405
Hellenic Mediterranean University,2020-2021,Πολιτικών Δομικών Έργων ΤΕ (ΤΕΙ Κρήτης),05/06/2013,2,0,0,0
Hellenic Mediterranean University,2020-2021,Τεχνολόγων Γεωπόνων ΤΕ (ΤΕΙ Κρήτης),05/06/2013,74,1408,1,607
Ionian University,2020-2021,"Αρχειονομίας, Βιβλιοθηκονομίας και Μουσειολογίας",20/03/1984,93,834,136,451
Ionian University,2020-2021,Επιστήμης και Τεχνολογίας Τροφίμων,01/10/2018,0,308,184,308
Ionian University,2020-2021,Ιστορίας,20/03/1984,105,1131,180,650
Ionian University,2020-2021,Μουσικών Σπουδών,01/09/1992,66,833,118,680
Ionian University,2020-2021,"Ξένων Γλωσσών, Μετάφρασης και Διερμηνείας",20/03/1984,144,895,140,611
Ionian University,2020-2021,Περιβάλλοντος,01/10/2018,0,246,131,246
Ionian University,2020-2021,Πληροφορικής,22/07/2004,39,980,169,710
Ionian University,2020-2021,Τεχνών Ήχου και Εικόνας,22/07/2004,41,952,102,626
Ionian University,2020-2021,Τουρισμού,01/10/2018,0,184,133,184
Ionian University,2020-2021,Ψηφιακών Μέσων και Επικοινωνίας,01/10/2018,3,397,285,397
Ionian University,2020-2021,Διοίκησης Επιχειρήσεων ΤΕ (ΤΕΙ Ιονίων Νήσων),05/06/2013,58,722,0,390
Ionian University,2020-2021,Διοίκησης Τουριστικών Επιχειρήσεων και Επιχειρήσεων Φιλοξενίας ΤΕ (ΤΕΙ Ιονίων Νήσων),05/06/2013,13,500,0,455
Ionian University,2020-2021,Συντήρησης Αρχαιοτήτων και Έργων Τέχνης ΤΕ (ΤΕΙ Ιονίων Νήσων),05/06/2013,9,340,0,37
Ionian University,2020-2021,Τεχνολογίας Ήχου και Μουσικών Οργάνων ΤΕ (ΤΕΙ Ιονίων Νήσων),20/06/2003,35,606,0,407
Ionian University,2020-2021,Τεχνολογίας Τροφίμων ΤΕ (ΤΕΙ Ιονίων Νήσων),05/06/2013,27,608,0,326
Ionian University,2020-2021,Τεχνολογιών Φυσικού Περιβάλλοντος ΤΕ (ΤΕΙ Ιονίων Νήσων),05/06/2013,12,588,0,243
Ionian University,2020-2021,Ψηφιακών Μέσων και Επικοινωνίας ΤΕ (ΤΕΙ Ιονίων Νήσων),05/05/2014,33,787,0,555
Athens University of Economics and Business,2020-2021,Διεθνείς και Ευρωπαϊκές Οικονομικές Σπουδές,01/09/1989,114,1569,178,866
Athens University of Economics and Business,2020-2021,Διοικητικής Επιστήμης και Τεχνολογίας,01/09/2000,132,1453,203,1053
Athens University of Economics and Business,2020-2021,Λογιστικής και Χρηματοοικονομικής,06/09/1999,247,1921,270,1303
Athens University of Economics and Business,2020-2021,Μάρκετινγκ και Επικοινωνίας,01/09/1989,168,1607,255,1112
Athens University of Economics and Business,2020-2021,Οικονομικής Επιστήμης,01/09/1984,279,5559,296,1545
Athens University of Economics and Business,2020-2021,Οργάνωσης και Διοίκησης Επιχειρήσεων,01/09/1984,359,6637,381,1948
Athens University of Economics and Business,2020-2021,Πληροφορικής,01/09/1984,171,2998,293,1514
Athens University of Economics and Business,2020-2021,Στατιστικής,01/09/1989,89,1119,142,612
University of the Aegean,2020-2021,Γεωγραφίας,16/06/1989,60,809,168,624
University of the Aegean,2020-2021,Διοίκησης Επιχειρήσεων,20/03/1984,152,1532,314,982
University of the Aegean,2020-2021,Επιστήμης Τροφίμων και Διατροφής,21/02/2007,62,792,136,593
University of the Aegean,2020-2021,Επιστημών Προσχολικής Αγωγής και Εκπαιδευτικού Σχεδιασμού,20/03/1984,139,857,186,587
University of the Aegean,2020-2021,Κοινωνικής Ανθρωπολογίας και Ιστορίας,20/03/1984,88,1007,195,619
University of the Aegean,2020-2021,Κοινωνιολογίας,16/06/1989,137,782,210,709
University of the Aegean,2020-2021,Μαθηματικών,20/03/1984,122,738,246,195
University of the Aegean,2020-2021,"Μεσογειακών Σπουδών: Αρχαιολογία, Γλωσσολογία, Διεθνείς Σχέσεις",04/11/1997,89,1472,176,833
University of the Aegean,2020-2021,Μηχανικών Οικονομίας και Διοίκησης,10/03/2000,45,1073,127,742
University of the Aegean,2020-2021,Μηχανικών Πληροφοριακών και Επικοινωνιακών Συστημάτων,04/11/1997,60,1294,199,923
University of the Aegean,2020-2021,Μηχανικών Σχεδίασης Προϊόντων και Συστημάτων,10/03/2000,49,1075,129,823
University of the Aegean,2020-2021,Ναυτιλίας και Επιχειρηματικών Υπηρεσιών,04/11/1997,130,831,244,749
University of the Aegean,2020-2021,Οικονομικής και Διοίκησης Τουρισμού,15/02/2017,23,236,79,236
University of the Aegean,2020-2021,Παιδαγωγικό Δημοτικής Εκπαίδευσης,20/03/1984,161,1038,204,695
University of the Aegean,2020-2021,Περιβάλλοντος,20/03/1984,51,667,88,345
University of the Aegean,2020-2021,Πολιτισμικής Τεχνολογίας και Επικοινωνίας,10/03/2000,92,1050,146,582
University of the Aegean,2020-2021,Στατιστικής και Αναλογιστικών - Χρηματοοικονομικών Μαθηματικών,01/09/2018,95,963,178,639
University of the Aegean,2020-2021,Ωκεανογραφίας και Θαλασσίων Βιοεπιστημών (πρ. Επιστημών της Θάλασσας),04/11/1997,51,947,107,477
University of West Attica,2020-2021,Αγωγής και Φροντίδας στην Πρώιμη Παιδική Ηλικία,02/03/2018,90,760,167,722
University of West Attica,2020-2021,"Αρχειονομίας, Βιβλιοθηκονομίας και Συστημάτων Πληροφόρησης",02/03/2018,47,784,138,676
University of West Attica,2020-2021,Βιοϊατρικών Επιστημών,02/03/2018,527,2342,417,2090
University of West Attica,2020-2021,Γραφιστικής και Οπτικής Επικοινωνίας,02/03/2018,71,1250,218,1070
University of West Attica,2020-2021,Δημόσιας και Κοινοτικής Υγείας,02/03/2018,206,1078,252,958
University of West Attica,2020-2021,Διοίκησης Επιχειρήσεων,01/09/2018,238,3101,522,2628
University of West Attica,2020-2021,Διοίκησης Τουρισμού,02/03/2018,83,2209,416,1922
University of West Attica,2020-2021,Επιστήμης και Τεχνολογίας Τροφίμων,02/03/2018,92,1011,165,836
University of West Attica,2020-2021,"Επιστημών Οίνου, Αμπέλου και Ποτών",02/03/2018,39,923,136,726
University of West Attica,2020-2021,Εργοθεραπείας,20/03/2018,118,601,164,571
University of West Attica,2020-2021,Εσωτερικής Αρχιτεκτονικής,02/03/2018,63,798,141,681
University of West Attica,2020-2021,Ηλεκτρολόγων και Ηλεκτρονικών Μηχανικών,13/06/2019,36,2641,385,2601
University of West Attica,2020-2021,Κοινωνικής Εργασίας,02/03/2018,190,737,195,685
University of West Attica,2020-2021,Λογιστικής και Χρηματοοικονομικής,02/03/2018,169,1767,281,1440
University of West Attica,2020-2021,Μαιευτικής,01/09/2018,97,847,164,772
University of West Attica,2020-2021,Μηχανικών Βιοϊατρικής,02/03/2018,15,756,122,743
University of West Attica,2020-2021,Μηχανικών Βιομηχανικής Σχεδίασης και Παραγωγής,23/07/2019,26,1929,356,1927
University of West Attica,2020-2021,Μηχανικών Πληροφορικής και Υπολογιστών,24/11/1983,37,2105,309,1944
University of West Attica,2020-2021,Μηχανικών Τοπογραφίας και Γεωπληροφορικής,02/03/2018,11,644,128,639
University of West Attica,2020-2021,Μηχανολόγων Μηχανικών,02/03/2018,46,1424,227,1419
University of West Attica,2020-2021,Ναυπηγών Μηχανικών,13/06/2019,21,627,112,622
University of West Attica,2020-2021,Νοσηλευτικής,02/03/2018,259,1064,280,970
University of West Attica,2020-2021,Πολιτικών Μηχανικών,02/03/2018,52,1604,291,1578
University of West Attica,2020-2021,Συντήρησης Αρχαιοτήτων και Έργων Τέχνης,02/03/2018,14,507,95,418
University of West Attica,2020-2021,Φυσικοθεραπείας,02/03/2018,68,977,209,888
University of West Attica,2020-2021,Φωτογραφίας και Οπτικοακουστικών Τεχνών,01/09/2018,44,758,121,643
University of West Attica,2020-2021,Αισθητικής και Κοσμητολογίας ΤΕ (ΤΕΙ Αθήνας),03/02/2018,14,101,0,3
University of West Attica,2020-2021,Ακτινολογίας και Ακτινοθεραπείας ΤΕ (ΤΕΙ Αθήνας),24/11/1983,5,61,0,3
University of West Attica,2020-2021,"Αρχειονομίας, Βιβλιοθηκονομίας και Συστημάτων Πληροφόρησης ΤΕ (ΤΕΙ Αθήνας)",24/11/1983,6,129,0,0
University of West Attica,2020-2021,Αυτοματισμού ΤΕ (ΤΕΙ Πειραιά),27/11/1985,71,1292,0,10
University of West Attica,2020-2021,Γραφιστικής ΤΕ (ΤΕΙ Αθήνας),24/11/1983,31,260,0,0
University of West Attica,2020-2021,Δημόσιας και Κοινοτικής Υγείας ΤΕ (ΤΕΙ Αθήνας),24/11/1983,20,194,0,1
University of West Attica,2020-2021,Διοίκησης Επιχειρήσεων ΤΕ (ΤΕΙ Αθήνας),24/11/1983,35,666,0,12
University of West Attica,2020-2021,Διοίκησης Επιχειρήσεων ΤΕ (ΤΕΙ Πειραιά),28/05/2013,28,1213,0,6
University of West Attica,2020-2021,Διοίκησης Τουρισμού ΤΕ (ΤΕΙ Πειραιά),24/11/1983,4,357,0,0
University of West Attica,2020-2021,Διοίκησης Τουριστικών Επιχειρήσεων και Επιχειρήσεων Φιλοξενίας ΤΕ (ΤΕΙ Αθήνας),24/11/1983,8,386,0,2
University of West Attica,2020-2021,Εμπορίας και Διαφήμισης ΤΕ (ΤΕΙ Αθήνας),24/11/1983,12,398,0,1
University of West Attica,2020-2021,Εργοθεραπείας ΤΕ (ΤΕΙ Αθήνας),24/11/1983,9,90,0,1
University of West Attica,2020-2021,"Εσωτερικής Αρχιτεκτονικής, Διακόσμησης και Σχεδιασμού Αντικειμένων ΤΕ (ΤΕΙ Αθήνας)",24/11/1983,21,232,0,3
University of West Attica,2020-2021,Ηλεκτρολόγων Μηχανικών ΤΕ (ΤΕΙ Πειραιά),24/11/1983,36,1744,0,54
University of West Attica,2020-2021,Ηλεκτρονικών Μηχανικών ΤΕ (ΤΕΙ Αθήνας),24/11/1983,30,694,0,29
University of West Attica,2020-2021,Ηλεκτρονικών Μηχανικών ΤΕ (ΤΕΙ Πειραιά),24/11/1973,20,1412,0,18
University of West Attica,2020-2021,Ιατρικών Εργαστηρίων ΤΕ (ΤΕΙ Αθήνας),24/11/1983,9,115,0,0
University of West Attica,2020-2021,Κλωστοϋφαντουργίας ΤΕ (ΤΕΙ Πειραιά),24/11/1983,10,818,0,27
University of West Attica,2020-2021,Κοινωνικής Εργασίας ΤΕ (ΤΕΙ Αθήνας),24/11/1983,11,126,0,4
University of West Attica,2020-2021,Λογιστικής και Χρηματοοικονομικής ΤΕ (ΤΕΙ Πειραιά),24/11/1983,37,2093,0,6
University of West Attica,2020-2021,Μαιευτικής ΤΕ (ΤΕΙ Αθήνας),24/11/1983,2,75,0,3
University of West Attica,2020-2021,Μηχανικών Βιοϊατρικής Τεχνολογίας ΤΕ (ΤΕΙ Αθήνας),24/11/1983,27,298,0,18
University of West Attica,2020-2021,Μηχανικών Ενεργειακής Τεχνολογίας ΤΕ (ΤΕΙ Αθήνας) (Ηλεκτρολόγων και Ηλεκτρονικών Μηχανικών ΠΑΔΑ),24/11/1983,2,224,0,1
University of West Attica,2020-2021,Μηχανικών Ενεργειακής Τεχνολογίας ΤΕ (ΤΕΙ Αθήνας) (Μηχανολόγων Μηχανικών ΠΑΔΑ),24/11/1983,10,114,0,9
University of West Attica,2020-2021,Μηχανικών Ηλεκτρονικών Υπολογιστικών Συστημάτων ΤΕ (ΤΕΙ Πειραιά),24/11/2018,39,941,0,11
University of West Attica,2020-2021,Μηχανικών Πληροφορικής ΤΕ (ΤΕΙ Αθήνας),24/11/1983,39,585,0,56
University of West Attica,2020-2021,Μηχανικών Τοπογραφίας και Γεωπληροφορικής ΤΕ (ΤΕΙ Αθήνας),24/11/1983,16,241,0,8
University of West Attica,2020-2021,Μηχανολόγων Μηχανικών ΤΕ (ΤΕΙ Πειραιά),24/11/1983,43,1858,0,45
University of West Attica,2020-2021,Ναυπηγών Μηχανικών ΤΕ (ΤΕΙ Αθήνας),24/11/1973,28,330,0,38
University of West Attica,2020-2021,Νοσηλευτικής ΤΕ (ΤΕΙ Αθήνας),24/11/1983,18,190,0,2
University of West Attica,2020-2021,Οδοντικής Τεχνολογίας ΤΕ (ΤΕΙ Αθήνας),27/11/1983,20,156,0,14
University of West Attica,2020-2021,Οινολογίας και Τεχνολογίας Ποτών ΤΕ (ΤΕΙ Αθήνας),24/11/1983,14,227,0,0
University of West Attica,2020-2021,Οπτικής και Οπτομετρίας ΤΕ (ΤΕΙ Αθήνας),24/11/1983,9,101,0,2
University of West Attica,2020-2021,Πολιτικών Μηχανικών ΤΕ (ΤΕΙ Αθήνας),24/11/1983,15,273,0,17
University of West Attica,2020-2021,Πολιτικών Μηχανικών ΤΕ (ΤΕΙ Πειραιά),14/09/2009,22,980,0,15
University of West Attica,2020-2021,Προσχολικής Αγωγής ΤΕ (ΤΕΙ Αθήνας),24/11/1983,7,68,0,0
University of West Attica,2020-2021,Συντήρησης Αρχαιοτήτων και Έργων Τέχνης ΤΕ (ΤΕΙ Αθήνας),24/11/1983,20,87,0,1
University of West Attica,2020-2021,Τεχνολογίας Γραφικών Τεχνών ΤΕ (ΤΕΙ Αθήνας),24/11/1983,30,206,0,25
University of West Attica,2020-2021,Τεχνολογίας Τροφίμων ΤΕ (ΤΕΙ Αθήνας),07/03/1983,32,428,0,2
University of West Attica,2020-2021,Φυσικοθεραπείας ΤΕ (ΤΕΙ Αθήνας),24/11/1983,8,127,0,1
University of West Attica,2020-2021,Φωτογραφίας και Οπτικοακουστικών Τεχνών ΤΕ (ΤΕΙ Αθήνας),01/10/1985,39,276,0,3
University of Western Macedonia,2020-2021,Γεωπονίας,07/05/2019,0,436,267,436
University of Western Macedonia,2020-2021,Διεθνών και Ευρωπαϊκών Οικονομικών Σπουδών,07/05/2019,0,502,318,502
University of Western Macedonia,2020-2021,Διοικητικής Επιστήμης και Τεχνολογίας,07/05/2019,0,634,352,634
University of Western Macedonia,2020-2021,Εικαστικών και Εφαρμοσμένων Τεχνών,31/08/2006,53,512,86,430
University of Western Macedonia,2020-2021,Επικοινωνίας και Ψηφιακών Μέσων,07/05/2019,0,462,250,460
University of Western Macedonia,2020-2021,Εργοθεραπείας,07/05/2019,0,179,121,179
University of Western Macedonia,2020-2021,Ηλεκτρολόγων Μηχανικών και Μηχανικών Υπολογιστών (πρώην Μηχανικών Πληροφορικής και Τηλεπικοινωνιών),02/08/2005,47,800,162,702
University of Western Macedonia,2020-2021,Λογιστικής και Χρηματοοικονομικής,07/05/2019,23,571,423,571
University of Western Macedonia,2020-2021,Μαθηματικών,07/05/2019,0,140,92,140
University of Western Macedonia,2020-2021,Μαιευτικής,07/05/2019,55,428,243,428
University of Western Macedonia,2020-2021,Μηχανικών Ορυκτών Πόρων,07/05/2019,0,303,184,303
University of Western Macedonia,2020-2021,Μηχανικών Σχεδίασης Προϊόντων και Συστημάτων,07/05/2019,0,339,209,339
University of Western Macedonia,2020-2021,Μηχανολόγων Μηχανικών,06/09/1999,46,255,166,165
University of Western Macedonia,2020-2021,Οικονομικών Επιστημών,07/05/2019,0,141,118,141
University of Western Macedonia,2020-2021,Οργάνωσης και Διοίκησης Επιχειρήσεων,07/05/2019,6,396,369,396
University of Western Macedonia,2020-2021,Παιδαγωγικό Δημοτικής Εκπαίδευσης,10/10/1989,110,497,198,429
University of Western Macedonia,2020-2021,Παιδαγωγικό Νηπιαγωγών,02/04/1993,117,560,300,511
University of Western Macedonia,2020-2021,Περιφερειακής και Διασυνοριακής Ανάπτυξης,07/05/2019,0,553,304,553
University of Western Macedonia,2020-2021,Πληροφορικής,07/05/2019,2,312,239,310
University of Western Macedonia,2020-2021,Στατιστικής και Ασφαλιστικής Επιστήμης,07/05/2019,0,453,276,453
University of Western Macedonia,2020-2021,Χημικών Μηχανικών (πρώην Μηχανικών Περιβάλλοντος),07/05/2019,12,449,102,449
University of Western Macedonia,2020-2021,Ψυχολογίας,07/05/2019,0,231,155,231
University of Western Macedonia,2020-2021,Βιομηχανικού Σχεδιασμού ΤΕ (ΤΕΙ Δυτικής Μακεδονίας),12/01/1996,42,1863,0,519
University of Western Macedonia,2020-2021,Διεθνούς Εμπορίου ΤΕ (ΤΕΙ Δυτικής Μακεδονίας),23/05/1995,2,1363,0,144
University of Western Macedonia,2020-2021,Διοίκησης Επιχειρήσεων ΤΕ (Γρεβενά) (ΤΕΙ Δυτικής Μακεδονίας),05/06/2013,84,1958,0,1100
University of Western Macedonia,2020-2021,Διοίκησης Επιχειρήσεων ΤΕ (Κοζάνη) (ΤΕΙ Δυτικής Μακεδονίας),05/06/2013,106,2233,0,805
University of Western Macedonia,2020-2021,Ηλεκτρολόγων Μηχανικών ΤΕ (ΤΕΙ Δυτικής Μακεδονίας),14/10/1976,62,2036,0,514
University of Western Macedonia,2020-2021,Λογιστικής και Χρηματοοικονομικής ΤΕ (ΤΕΙ Δυτικής Μακεδονίας),07/05/2019,130,1175,0,1063
University of Western Macedonia,2020-2021,Μαιευτικής ΤΕ (ΤΕΙ Δυτικής Μακεδονίας),12/03/2009,17,282,0,199
University of Western Macedonia,2020-2021,Μηχανικών Αντιρρύπανσης ΤΕ (ΤΕΙ Δυτικής Μακεδονίας),06/09/1999,25,1524,0,510
University of Western Macedonia,2020-2021,Μηχανικών Γεωτεχνολογίας Περιβάλλοντος ΤΕ (ΤΕΙ Δυτικής Μακεδονίας),05/06/2013,52,1655,0,510
University of Western Macedonia,2020-2021,Μηχανικών Πληροφορικής ΤΕ (ΤΕΙ Δυτικής Μακεδονίας),07/05/2019,64,1305,0,418
University of Western Macedonia,2020-2021,Μηχανολόγων Μηχανικών ΤΕ (ΤΕΙ Δυτικής Μακεδονίας),24/11/1983,98,1559,0,486
University of Western Macedonia,2020-2021,Τεχνολόγων Γεωπόνων ΤΕ (ΤΕΙ Δυτικής Μακεδονίας),05/06/2013,72,3495,0,600
University of Western Macedonia,2020-2021,Ψηφιακών Μέσων και Επικοινωνίας ΤΕ (ΤΕΙ Δυτικής Μακεδονίας),06/09/1999,58,2465,0,613
University of Thessaly,2020-2021,Αρχιτεκτόνων Μηχανικών,06/09/1999,111,842,134,770
University of Thessaly,2020-2021,Βιοχημείας και Βιοτεχνολογίας,10/03/2000,94,720,125,518
University of Thessaly,2020-2021,Γεωπονίας - Αγροτεχνολογίας,29/01/2019,0,340,181,340
University of Thessaly,2020-2021,"Γεωπονίας, Ιχθυολογίας και Υδάτινου Περιβάλλοντος",05/07/2001,65,736,167,590
University of Thessaly,2020-2021,"Γεωπονίας, Φυτικής Παραγωγής και Αγροτικού Περιβάλλοντος",05/07/2001,107,833,146,688
University of Thessaly,2020-2021,Γλωσσικών και Διαπολιτισμικών Σπουδών,29/01/2019,0,192,99,192
University of Thessaly,2020-2021,"Δασολογίας, Επιστημών Ξύλου και Σχεδιασμού",29/01/2019,0,378,200,378
University of Thessaly,2020-2021,Δημόσιας και Ενιαίας Υγείας,29/01/2019,0,189,96,189
University of Thessaly,2020-2021,Διαιτολογίας και Διατροφολογίας,29/01/2019,8,241,148,241
University of Thessaly,2020-2021,Διοίκησης Επιχειρήσεων,19/04/2019,17,594,332,594
University of Thessaly,2020-2021,Επιστήμης Ζωικής Παραγωγής,29/01/2019,0,213,118,213
University of Thessaly,2020-2021,Επιστήμης Τροφίμων και Διατροφής,29/01/2019,0,248,139,248
University of Thessaly,2020-2021,Επιστήμης Φυσικής Αγωγής και Αθλητισμού,20/03/1984,190,1045,201,753
University of Thessaly,2020-2021,Ηλεκτρολόγων Μηχανικών και Μηχανικών Υπολογιστών,10/03/2000,119,1334,202,929
University of Thessaly,2020-2021,Ιατρικής,31/05/1985,100,778,132,682
University of Thessaly,2020-2021,"Ιστορίας, Αρχαιολογίας και Κοινωνικής Ανθρωπολογίας",28/04/1993,118,843,116,563
University of Thessaly,2020-2021,Κτηνιατρικής,28/04/1993,94,481,91,448
University of Thessaly,2020-2021,Λογιστικής και Χρηματοοικονομικής,19/04/2019,0,465,250,465
University of Thessaly,2020-2021,Μαθηματικών,29/01/2019,0,177,111,177
University of Thessaly,2020-2021,"Μηχανικών Χωροταξίας, Πολεοδομίας και Περιφερειακής Ανάπτυξης",20/03/1984,57,554,80,441
University of Thessaly,2020-2021,Μηχανολόγων Μηχανικών,31/05/1985,78,827,102,673
University of Thessaly,2020-2021,Νοσηλευτικής,29/01/2019,69,409,319,409
University of Thessaly,2020-2021,Οικονομικών Επιστημών,06/09/1999,214,1440,264,1032
University of Thessaly,2020-2021,Παιδαγωγικό Δημοτικής Εκπαίδευσης,31/05/1985,191,879,195,719
University of Thessaly,2020-2021,Παιδαγωγικό Ειδικής Αγωγής,28/04/1993,149,624,132,506
University of Thessaly,2020-2021,Παιδαγωγικό Προσχολικής Εκπαίδευσης,20/03/1984,160,861,185,702
University of Thessaly,2020-2021,Περιβάλλοντος,29/01/2019,0,329,172,329
University of Thessaly,2020-2021,Πληροφορικής και Τηλεπικοινωνιών (πρώην Πληροφορικής),05/06/2013,43,845,175,729
University of Thessaly,2020-2021,Πληροφορικής με Εφαρμογές στη Βιοϊατρική,02/03/2004,96,992,188,733
University of Thessaly,2020-2021,Πολιτικών Μηχανικών,28/04/1993,55,669,101,540
University of Thessaly,2020-2021,Πολιτισμού και Δημιουργικών Μέσων και Βιομηχανιών,29/01/2019,0,183,97,183
University of Thessaly,2020-2021,Συστημάτων Ενέργειας,29/01/2019,0,306,164,306
University of Thessaly,2020-2021,Φυσικής,29/01/2019,0,163,109,163
University of Thessaly,2020-2021,Φυσικοθεραπείας,29/01/2019,10,302,205,302
University of Thessaly,2020-2021,Ψηφιακών Συστημάτων,29/01/2019,0,568,310,568
University of Thessaly,2020-2021,Δασοπονίας και Διαχείρισης Φυσικού Περιβάλλοντος ΤΕ (ΤΕΙ Θεσσαλίας),23/06/2005,6,447,0,98
University of Thessaly,2020-2021,Διατροφής και Διαιτολογίας ΤΕ (ΤΕΙ Θεσσαλίας),03/10/2009,77,420,0,263
University of Thessaly,2020-2021,Διοίκησης Επιχειρήσεων ΤΕ (ΤΕΙ Θεσσαλίας),03/06/2013,139,2794,0,1117
University of Thessaly,2020-2021,Ηλεκτρολόγων Μηχανικών ΤΕ (ΤΕΙ Θεσσαλίας),24/11/1983,66,1165,0,419
University of Thessaly,2020-2021,Ηλεκτρονικών Μηχανικών ΤΕ (ΤΕΙ Στερεάς Ελλάδας),22/08/1994,43,1210,0,309
University of Thessaly,2020-2021,Ιατρικών Εργαστηρίων ΤΕ (ΤΕΙ Θεσσαλίας),24/11/1983,63,637,0,243
University of Thessaly,2020-2021,Λογιστικής και Χρηματοοικονομικής ΤΕ (ΤΕΙ Θεσσαλίας),01/09/2013,181,1454,0,671
University of Thessaly,2020-2021,Μηχανικών Πληροφορικής ΤΕ (ΤΕΙ Θεσσαλίας),01/09/2013,112,2120,0,894
University of Thessaly,2020-2021,Μηχανικών Πληροφορικής ΤΕ (ΤΕΙ Στερεάς Ελλάδας),01/09/2000,110,1754,0,428
University of Thessaly,2020-2021,Μηχανολόγων Μηχανικών ΤΕ (ΤΕΙ Θεσσαλίας),24/11/1983,85,1348,0,478
University of Thessaly,2020-2021,Νοσηλευτικής ΤΕ (ΤΕΙ Θεσσαλίας),24/11/1983,69,684,0,407
University of Thessaly,2020-2021,Νοσηλευτικής ΤΕ (ΤΕΙ Στερεάς Ελλάδας),22/10/1994,62,853,0,308
University of Thessaly,2020-2021,Πολιτικών Μηχανικών ΤΕ (Λάρισα) (ΤΕΙ Θεσσαλίας),27/11/1985,85,1371,0,330
University of Thessaly,2020-2021,Πολιτικών Μηχανικών ΤΕ (Τρίκαλα) (ΤΕΙ Θεσσαλίας),01/09/2013,24,511,0,189
University of Thessaly,2020-2021,Σχεδιασμού και Τεχνολογίας Ξύλου και Επίπλου ΤΕ (ΤΕΙ Θεσσαλίας),06/09/1999,29,751,0,377
University of Thessaly,2020-2021,Τεχνολογίας Τροφίμων ΤΕ (ΤΕΙ Θεσσαλίας),01/09/2005,66,696,0,397
University of Thessaly,2020-2021,Τεχνολόγων Γεωπόνων ΤΕ (ΤΕΙ Θεσσαλίας),03/06/2013,135,3244,0,828
University of Thessaly,2020-2021,Φυσικοθεραπείας ΤΕ (ΤΕΙ Στερεάς Ελλάδας),22/08/1994,39,701,0,304
University of Ioannina,2020-2021,Αγωγής και Φροντίδας στην Πρώιμη Παιδική Ηλικία,01/10/2018,58,254,132,254
University of Ioannina,2020-2021,Αρχιτεκτόνων Μηχανικών,02/10/2009,9,259,64,259
University of Ioannina,2020-2021,Βιολογικών Εφαρμογών και Τεχνολογιών,06/09/1999,92,831,125,624
University of Ioannina,2020-2021,Γεωπονίας,01/10/2018,22,365,240,365
University of Ioannina,2020-2021,Εικαστικών Τεχνών και Επιστημών Τέχνης (πρώην Πλαστικών Τεχνών και Επιστημών της Τέχνης),11/05/2016,67,835,81,517
University of Ioannina,2020-2021,Ιατρικής,22/07/1977,215,1211,167,894
University of Ioannina,2020-2021,Ιστορίας και Αρχαιολογίας,18/10/1984,319,1801,274,969
University of Ioannina,2020-2021,Λογιστικής και Χρηματοοικονομικής,01/09/2018,31,435,265,435
University of Ioannina,2020-2021,Λογοθεραπείας,01/10/2018,42,399,253,399
University of Ioannina,2020-2021,Μαθηματικών,14/03/1966,168,2426,217,1173
University of Ioannina,2020-2021,Μηχανικών Επιστήμης Υλικών,06/09/1999,36,1253,132,848
University of Ioannina,2020-2021,Μηχανικών Ηλεκτρονικών Υπολογιστών και Πληροφορικής,10/04/1990,111,1926,262,1496
University of Ioannina,2020-2021,Μουσικών Σπουδών,03/08/2018,1,323,167,323
University of Ioannina,2020-2021,Νοσηλευτικής,01/10/2018,42,308,308,308
University of Ioannina,2020-2021,Οικονομικών Επιστημών,20/09/1996,258,1299,396,882
University of Ioannina,2020-2021,Παιδαγωγικό Δημοτικής Εκπαίδευσης,01/09/1982,252,1212,242,915
University of Ioannina,2020-2021,Παιδαγωγικό Νηπιαγωγών,01/09/1987,222,1424,220,1130
University of Ioannina,2020-2021,Πληροφορικής και Τηλεπικοινωνιών,03/08/2018,11,386,206,386
University of Ioannina,2020-2021,Φιλολογίας,18/10/1984,218,1731,205,928
University of Ioannina,2020-2021,Φιλοσοφίας,03/08/2018,14,348,258,347
University of Ioannina,2020-2021,"Φιλοσοφίας, Παιδαγωγικής και Ψυχολογίας",18/10/1984,51,837,0,80
University of Ioannina,2020-2021,Φυσικής,12/12/1970,109,1663,164,751
University of Ioannina,2020-2021,Χημείας,06/10/1976,156,1049,153,648
University of Ioannina,2020-2021,Ψυχολογίας,03/08/2018,174,750,108,735
University of Ioannina,2020-2021,Διοίκησης Επιχειρήσεων ΤΕ (ΤΕΙ Ηπείρου),06/09/1999,52,922,0,258
University of Ioannina,2020-2021,Διοίκησης Τουριστικών Επιχειρήσεων και Επιχειρήσεων Φιλοξενίας ΤΕ (ΤΕΙ Ηπείρου),27/11/1996,9,300,0,141
University of Ioannina,2020-2021,Λαϊκής και Παραδοσιακής Μουσικής ΤΕ (ΤΕΙ Ηπείρου),06/09/1999,33,862,0,315
University of Ioannina,2020-2021,Λογιστικής και Χρηματοοικονομικής ΤΕ (ΤΕΙ Ηπείρου),03/06/2013,74,1312,0,571
University of Ioannina,2020-2021,Λογοθεραπείας ΤΕ (ΤΕΙ Ηπείρου),06/09/1999,39,393,0,266
University of Ioannina,2020-2021,Μηχανικών Πληροφορικής ΤΕ (ΤΕΙ Ηπείρου),26/05/1998,46,1540,0,486
University of Ioannina,2020-2021,Νοσηλευτικής ΤΕ (ΤΕΙ Ηπείρου),24/10/1984,67,562,0,182
University of Ioannina,2020-2021,Προσχολικής Αγωγής ΤΕ (ΤΕΙ Ηπείρου),24/10/1984,49,150,0,83
University of Ioannina,2020-2021,Τεχνολόγων Γεωπόνων ΤΕ (ΤΕΙ Ηπείρου),25/07/2013,57,1035,0,435
University of Crete,2020-2021,Βιολογίας,10/09/1976,89,700,123,574
University of Crete,2020-2021,Επιστήμης και Μηχανικής Υλικών (πρώην Επιστήμης και Τεχνολογίας Υλικών),01/09/2000,58,940,110,568
University of Crete,2020-2021,Επιστήμης Υπολογιστών,15/04/1983,114,1471,199,999
University of Crete,2020-2021,Εφαρμοσμένων Μαθηματικών,06/09/1999,60,1161,170,772
University of Crete,2020-2021,Ιατρικής,10/09/1976,134,1022,128,898
University of Crete,2020-2021,Ιστορίας και Αρχαιολογίας,15/04/1983,115,1468,163,890
University of Crete,2020-2021,Κοινωνιολογίας,27/04/1984,127,1439,187,845
University of Crete,2020-2021,Μαθηματικών,10/09/1976,80,1234,151,782
University of Crete,2020-2021,Οικονομικών Επιστημών,01/09/1987,181,2056,283,1341
University of Crete,2020-2021,Παιδαγωγικό Δημοτικής Εκπαίδευσης,07/09/1983,158,1278,204,876
University of Crete,2020-2021,Παιδαγωγικό Προσχολικής Εκπαίδευσης,07/09/1983,137,1314,203,972
University of Crete,2020-2021,Πολιτικής Επιστήμης,01/09/1999,95,1164,189,775
University of Crete,2020-2021,Φιλολογίας,15/04/1983,151,1214,160,792
University of Crete,2020-2021,Φιλοσοφικών και Κοινωνικών Σπουδών,15/04/1983,120,1410,186,814
University of Crete,2020-2021,Φυσικής,21/09/1978,84,1302,153,791
University of Crete,2020-2021,Χημείας,15/04/1983,104,710,121,560
University of Crete,2020-2021,Ψυχολογίας,27/04/1984,131,1094,140,728
University of Macedonia,2020-2021,"Βαλκανικών, Σλαβικών και Ανατολικών Σπουδών",20/09/1996,220,1210,204,838
University of Macedonia,2020-2021,Διεθνών και Ευρωπαϊκών Σπουδών,10/04/1990,252,1103,182,827
University of Macedonia,2020-2021,Εκπαιδευτικής και Κοινωνικής Πολιτικής,09/07/1993,245,909,235,847
University of Macedonia,2020-2021,Επιστήμη και Τεχνολογία Υπολογιστών,31/12/2018,0,380,189,380
University of Macedonia,2020-2021,Εφαρμοσμένης Πληροφορικής,10/04/1990,262,1222,0,743
University of Macedonia,2020-2021,Λογιστικής και Χρηματοοικονομικής,10/04/1990,301,1335,323,1206
University of Macedonia,2020-2021,Μουσικής Επιστήμης και Τέχνης,20/09/1996,87,605,109,490
University of Macedonia,2020-2021,Οικονομικών Επιστημών,28/09/1948,353,2909,397,1569
University of Macedonia,2020-2021,Οργάνωσης και Διοίκησης Επιχειρήσεων,28/09/1948,465,2115,353,1538
University of Macedonia,2020-2021,Πληροφοριακά Συστήματα,31/12/2018,0,371,172,371
University of Patras,2020-2021,"Αλιείας και Υδατοκαλλιεργειών (πρώην Ζωικής Παραγωγής, Αλιείας και Υδατοκαλλιεργειών",07/05/2019,0,237,133,237
University of Patras,2020-2021,Αρχιτεκτόνων Μηχανικών,06/09/1999,135,894,138,783
University of Patras,2020-2021,Βιολογίας,24/05/1967,102,1099,168,520
University of Patras,2020-2021,Γεωλογίας,20/09/1977,94,1044,181,604
University of Patras,2020-2021,Γεωπονίας,07/05/2019,0,324,213,324
University of Patras,2020-2021,Διαχείρισης Περιβάλλοντος και Φυσικών Πόρων,21/04/1998,14,651,0,216
University of Patras,2020-2021,Διαχείρισης Πολιτισμικού Περιβάλλοντος και Νέων Τεχνολογιών,01/09/2018,59,664,0,298
University of Patras,2020-2021,Διοίκησης Επιχειρήσεων,06/09/1999,205,1767,369,1353
University of Patras,2020-2021,Διοίκησης Επιχειρήσεων Αγροτικών Προϊόντων και Τροφίμων,21/04/1998,119,1195,191,908
University of Patras,2020-2021,Διοίκησης Τουρισμού,07/05/2019,0,303,202,303
University of Patras,2020-2021,Διοικητικής Επιστήμης και Τεχνολογίας,07/05/2019,0,636,353,636
University of Patras,2020-2021,Επιστήμης Βιοσυστημάτων και Γεωργικής Μηχανικής,07/05/2019,0,269,129,269
University of Patras,2020-2021,Επιστήμης και Τεχνολογίας Τροφίμων,07/05/2019,0,260,171,260
University of Patras,2020-2021,Επιστήμης των Υλικών,06/09/1999,72,1313,154,694
University of Patras,2020-2021,Επιστήμης Φυτικής Παραγωγής,07/05/2019,0,293,132,293
University of Patras,2020-2021,Επιστημών της Εκπαίδευσης και Κοινωνικής Εργασίας,07/05/2019,0,557,266,557
University of Patras,2020-2021,Επιστημών της Εκπαίδευσης και της Αγωγής στην Προσχολική Ηλικία,07/09/1983,244,951,232,771
University of Patras,2020-2021,Ηλεκτρολόγων Μηχανικών και Τεχνολογίας Υπολογιστών,07/05/1967,177,2475,387,1844
University of Patras,2020-2021,Θεατρικών Σπουδών,16/06/1989,78,1669,127,1324
University of Patras,2020-2021,Ιατρικής,22/07/1977,251,1277,234,1178
University of Patras,2020-2021,Ιστορίας - Αρχαιολογίας,07/05/2019,0,262,161,262
University of Patras,2020-2021,Λογοθεραπείας,07/05/2019,39,326,193,319
University of Patras,2020-2021,Μαθηματικών,24/05/1967,152,3672,391,1563
University of Patras,2020-2021,Μηχανικών Ηλεκτρονικών Υπολογιστών και Πληροφορικής,03/10/1979,156,6078,283,5463
University of Patras,2020-2021,Μηχανικών Περιβάλλοντος,07/05/2019,95,514,169,514
University of Patras,2020-2021,Μηχανολόγων και Αεροναυπηγών Μηχανικών,25/09/1967,148,1566,212,1123
University of Patras,2020-2021,Μουσειολογίας,07/05/2019,0,431,236,431
University of Patras,2020-2021,Νοσηλευτικής,07/05/2019,89,500,343,500
University of Patras,2020-2021,Οικονομικών Επιστημών,31/05/1985,288,1989,361,1269
University of Patras,2020-2021,Παιδαγωγικό Δημοτικής Εκπαίδευσης,16/07/1982,213,612,0,461
University of Patras,2020-2021,Πολιτικών Μηχανικών,28/06/1972,135,1499,235,1155
University of Patras,2020-2021,Φαρμακευτικής,20/09/1977,142,968,176,703
University of Patras,2020-2021,Φιλολογίας,04/10/1994,200,1080,233,803
University of Patras,2020-2021,Φιλοσοφίας,06/09/1999,203,1174,202,736
University of Patras,2020-2021,Φυσικής,24/05/1967,118,1324,226,819
University of Patras,2020-2021,Φυσικοθεραπείας,07/05/2019,41,379,248,372
University of Patras,2020-2021,Χημείας,24/05/1967,128,1220,208,851
University of Patras,2020-2021,Χημικών Μηχανικών,20/09/1977,91,1045,181,768
University of Patras,2020-2021,Διοίκησης Επιχειρήσεων ΤΕ (Μεσολόγγι) (ΤΕΙ Δυτικής Ελλάδας),05/06/2013,99,1880,0,619
University of Patras,2020-2021,Διοίκησης Επιχειρήσεων ΤΕ (Πάτρα) (ΤΕΙ Δυτικής Ελλάδας),05/06/2013,162,3405,0,900
University of Patras,2020-2021,"Διοίκησης, Οικονομίας και Επικοινωνίας Πολιτιστικών και Τουριστικών Μονάδων ΤΕ (ΤΕΙ Δυτικής Ελλάδας)",05/06/2013,75,1699,0,593
University of Patras,2020-2021,Κοινωνικής Εργασίας ΤΕ (ΤΕΙ Δυτικής Ελλάδας),24/11/1983,7,344,0,146
University of Patras,2020-2021,Λογιστικής και Χρηματοοικονομικής ΤΕ (ΤΕΙ Δυτικής Ελλάδας),05/06/2013,143,1638,0,508
University of Patras,2020-2021,Λογοθεραπείας ΤΕ (ΤΕΙ Δυτικής Ελλάδας),24/11/1983,115,586,0,586
University of Patras,2020-2021,Νοσηλευτικής ΤΕ (ΤΕΙ Δυτικής Ελλάδας),24/11/1983,66,749,0,318
University of Patras,2020-2021,Οπτικής και Οπτομετρίας ΤΕ (ΤΕΙ Δυτικής Ελλάδας),19/10/2006,0,240,0,99
University of Patras,2020-2021,Τεχνολογίας Αλιείας και Υδατοκαλλιεργειών ΤΕ (ΤΕΙ Δυτικής Ελλάδας),05/06/2013,24,1002,0,352
University of Patras,2020-2021,Τεχνολόγων Γεωπόνων ΤΕ (ΤΕΙ Δυτικής Ελλάδας),05/06/2013,46,626,0,451
University of Patras,2020-2021,Τουριστικών Επιχειρήσεων ΤΕ (ΤΕΙ Δυτικής Ελλάδας),24/11/1983,9,722,0,248
University of Patras,2020-2021,Φυσικοθεραπείας ΤΕ (ΤΕΙ Δυτικής Ελλάδας),05/06/2013,39,616,0,434
University of Piraeus,2020-2021,Βιομηχανικής Διοίκησης και Τεχνολογίας,01/09/1991,81,1235,150,601
University of Piraeus,2020-2021,Διεθνών και Ευρωπαϊκών Σπουδών,01/09/2000,299,755,161,725
University of Piraeus,2020-2021,Ναυτιλιακών Σπουδών,01/09/1990,334,2151,290,1430
University of Piraeus,2020-2021,Οικονομικής Επιστήμης,01/09/1984,404,4517,371,1830
University of Piraeus,2020-2021,Οργάνωσης και Διοίκησης Επιχειρήσεων,01/09/1984,551,6716,413,1693
University of Piraeus,2020-2021,Πληροφορικής,01/09/1992,79,1838,254,1032
University of Piraeus,2020-2021,Στατιστικής και Ασφαλιστικής Επιστήμης,01/09/1984,244,2955,255,1252
University of Piraeus,2020-2021,Τουριστικών Σπουδών,01/09/2017,50,411,112,411
University of Piraeus,2020-2021,Χρηματοοικονομικής και Τραπεζικής Διοικητικής,01/09/1990,218,1409,191,914
University of Piraeus,2020-2021,Ψηφιακών Συστημάτων,06/09/1999,112,2037,181,959
University of Peloponnese,2020-2021,Γεωπονίας,07/05/2019,4,396,241,396
University of Peloponnese,2020-2021,Διοίκησης Επιχειρήσεων και Οργανισμών,07/05/2019,0,629,335,623
University of Peloponnese,2020-2021,Διοικητικής Επιστήμης και Τεχνολογίας,07/05/2019,0,250,180,250
University of Peloponnese,2020-2021,Επιστήμης Διατροφής και Διαιτολογίας,07/05/2019,0,233,152,233
University of Peloponnese,2020-2021,Επιστήμης και Τεχνολογίας Τροφίμων,07/05/2019,69,832,117,727
University of Peloponnese,2020-2021,Ηλεκτρολόγων Μηχανικών και Μηχανικών Υπολογιστών,07/05/2019,0,399,264,399
University of Peloponnese,2020-2021,Θεατρικών Σπουδών,05/05/2003,63,893,153,608
University of Peloponnese,2020-2021,"Ιστορίας, Αρχαιολογίας και Διαχείρισης Πολιτισμικών Αγαθών",05/05/2003,80,879,154,631
University of Peloponnese,2020-2021,Κοινωνικής και Εκπαιδευτικής Πολιτικής,05/05/2003,107,864,150,627
University of Peloponnese,2020-2021,Λογιστικής και Χρηματοοικονομικής,07/05/2019,23,437,260,383
University of Peloponnese,2020-2021,Λογοθεραπείας,07/05/2019,0,105,106,105
University of Peloponnese,2020-2021,Μηχανολόγων Μηχανικών,07/05/2019,0,246,172,246
University of Peloponnese,2020-2021,Νοσηλευτικής,04/10/2005,71,489,191,360
University of Peloponnese,2020-2021,Οικονομικών Επιστημών,05/05/2003,136,3109,363,1727
University of Peloponnese,2020-2021,Οργάνωσης και Διαχείρισης Αθλητισμού,05/05/2003,108,936,169,643
University of Peloponnese,2020-2021,Παραστατικών και Ψηφιακών Τεχνών,07/05/2019,0,230,125,230
University of Peloponnese,2020-2021,Πληροφορικής και Τηλεπικοινωνιών,28/05/2013,80,1237,244,626
University of Peloponnese,2020-2021,Πολιτικής Επιστήμης και Διεθνών Σχέσεων,05/05/2003,67,690,136,548
University of Peloponnese,2020-2021,Πολιτικών Μηχανικών,07/05/2019,2,222,138,222
University of Peloponnese,2020-2021,Φιλολογίας,05/05/2003,94,691,211,556
University of Peloponnese,2020-2021,Φυσικοθεραπείας,07/05/2019,0,122,108,122
University of Peloponnese,2020-2021,Ψηφιακών Συστημάτων,07/05/2019,0,254,263,254
University of Peloponnese,2020-2021,Διοίκησης Μονάδων Υγείας και Πρόνοιας ΤΕ (ΤΕΙ Πελοποννήσου),05/06/2013,38,990,0,448
University of Peloponnese,2020-2021,Ηλεκτρολόγων Μηχανικών ΤΕ (ΤΕΙ Δυτικής Ελλάδας),05/06/2013,57,1656,0,590
University of Peloponnese,2020-2021,Λογιστικής και Χρηματοοικονομικής ΤΕ (ΤΕΙ Πελοποννήσου),05/06/2013,49,730,0,464
University of Peloponnese,2020-2021,Λογοθεραπείας ΤΕ (ΤΕΙ Πελοποννήσου),12/03/2009,0,170,0,143
University of Peloponnese,2020-2021,Μηχανικών Πληροφορικής ΤΕ (ΤΕΙ Δυτικής Ελλάδας),05/06/2013,89,1324,0,594
University of Peloponnese,2020-2021,Μηχανικών Πληροφορικής ΤΕ (ΤΕΙ Πελοποννήσου),05/06/2013,48,936,0,369
University of Peloponnese,2020-2021,Μηχανολόγων Μηχανικών ΤΕ (ΤΕΙ Δυτικής Ελλάδας),05/06/2013,104,1269,0,574
University of Peloponnese,2020-2021,Πολιτικών Μηχανικών ΤΕ (ΤΕΙ Δυτικής Ελλάδας),05/06/2013,45,888,0,388
University of Peloponnese,2020-2021,Τεχνολογίας Τροφίμων ΤΕ (ΤΕΙ Πελοποννήσου),09/02/2009,0,0,0,0
University of Peloponnese,2020-2021,Τεχνολόγων Γεωπόνων ΤΕ (ΤΕΙ Πελοποννήσου),05/06/2013,39,539,0,539
University of Peloponnese,2020-2021,Τοπικής Αυτοδιοίκησης ΤΕ (ΤΕΙ Πελοποννήσου),30/04/2014,33,1058,0,500
Panteion University of Social and Political Sciences,2020-2021,Δημόσιας Διοίκησης,07/11/1963,223,3812,343,1677
Panteion University of Social and Political Sciences,2020-2021,Διεθνών και Ευρωπαϊκών Σπουδών,23/06/1997,215,2449,208,959
Panteion University of Social and Political Sciences,2020-2021,"Επικοινωνίας, Μέσων και Πολιτισμού",16/06/1989,183,1415,220,930
Panteion University of Social and Political Sciences,2020-2021,Κοινωνικής Ανθρωπολογίας,04/03/2004,212,1743,201,997
Panteion University of Social and Political Sciences,2020-2021,Κοινωνικής Πολιτικής,04/03/2004,153,1361,204,818
Panteion University of Social and Political Sciences,2020-2021,Κοινωνιολογίας,30/11/1983,231,3323,291,1408
Panteion University of Social and Political Sciences,2020-2021,Οικονομικής και Περιφερειακής Ανάπτυξης,16/06/1989,214,2894,283,1158
Panteion University of Social and Political Sciences,2020-2021,Πολιτικής Επιστήμης και Ιστορίας,23/06/1997,169,2510,243,981
Panteion University of Social and Political Sciences,2020-2021,Ψυχολογίας,16/06/1989,201,2027,239,1049
Technical University of Crete,2020-2021,Αρχιτεκτόνων Μηχανικών,22/07/2004,76,1018,123,869
Technical University of Crete,2020-2021,Ηλεκτρολόγων Μηχανικών και Μηχανικών Υπολογιστών,01/03/1983,89,1583,164,1142
Technical University of Crete,2020-2021,Μηχανικών Ορυκτών Πόρων,01/03/1983,43,1037,115,689
Technical University of Crete,2020-2021,Μηχανικών Παραγωγής και Διοίκησης,01/03/1983,100,1647,177,1186
Technical University of Crete,2020-2021,Χημικών Μηχανικών και Μηχανικών Περιβάλλοντος (πρώην Μηχανικών Περιβάλλοντος),22/06/1995,51,1005,133,807
Hellenic Army Academy,2020-2021,Στρατιωτικών Επιστημών,21/12/1828,230,776,199,776
Hellenic Air Force Academy,2020-2021,Αεροπορικών Επιστημών,07/10/2003,59,302,81,302
Hellenic Naval Academy,2020-2021,Ναυτικών Επιστημών,07/10/2003,43,137,45,137
Harokopio University,2020-2021,Γεωγραφίας,06/09/1999,67,936,108,469
Harokopio University,2020-2021,Επιστήμης Διαιτολογίας - Διατροφής,12/06/1992,47,739,98,540
Harokopio University,2020-2021,Οικονομίας και Βιώσιμης Ανάπτυξης (πρώην Οικιακής Οικονομίας και Οικολογίας,12/06/1992,57,627,103,431
Harokopio University,2020-2021,Πληροφορικής και Τηλεματικής,07/07/2006,79,912,152,700
